{"totalCount":7,"dogs":[{"KUID":"2334","kennel":"Oterbekkens","EierNavn":"Ann May og B\u00f8rge Simonsen","adresse":"Vatnedalsveien 71","zip":"4516","place":"Mandal","phone":"98841053","web":"","father":"NO50734\/22","mother":"NO52639\/18","email":"simonborge@yahoo.no","note":"<span style=\"color: rgb(51, 51, 51); font-family: -apple-system, BlinkMacSystemFont, &quot;avenir next&quot;, avenir, &quot;segoe ui&quot;, &quot;helvetica neue&quot;, helvetica, Cantarell, Ubuntu, roboto, noto, arial, sans-serif; font-size: 14px;\">En spennende parring.<\/span><br style=\"color: rgb(51, 51, 51); font-family: -apple-system, BlinkMacSystemFont, &quot;avenir next&quot;, avenir, &quot;segoe ui&quot;, &quot;helvetica neue&quot;, helvetica, Cantarell, Ubuntu, roboto, noto, arial, sans-serif; font-size: 14px;\"><br style=\"color: rgb(51, 51, 51); font-family: -apple-system, BlinkMacSystemFont, &quot;avenir next&quot;, avenir, &quot;segoe ui&quot;, &quot;helvetica neue&quot;, helvetica, Cantarell, Ubuntu, roboto, noto, arial, sans-serif; font-size: 14px;\"><span style=\"color: rgb(51, 51, 51); font-family: -apple-system, BlinkMacSystemFont, &quot;avenir next&quot;, avenir, &quot;segoe ui&quot;, &quot;helvetica neue&quot;, helvetica, Cantarell, Ubuntu, roboto, noto, arial, sans-serif; font-size: 14px;\">Yaffa (N JCH Oterbekkens Yazz - N JCH Olsmyrens Rocket Man) er en meget arbeidsom dame med 1. premie b\u00e5de p\u00e5 lavland skog og h\u00f8yfjell. Flere 1VK h\u00f8yfjell, flere 1AK skog. Var i NM finalen p\u00e5 Andenes i 2022 og var ogs\u00e5 i finalen p\u00e5 NM skog i 2023.<\/span><br style=\"color: rgb(51, 51, 51); font-family: -apple-system, BlinkMacSystemFont, &quot;avenir next&quot;, avenir, &quot;segoe ui&quot;, &quot;helvetica neue&quot;, helvetica, Cantarell, Ubuntu, roboto, noto, arial, sans-serif; font-size: 14px;\"><span style=\"color: rgb(51, 51, 51); font-family: -apple-system, BlinkMacSystemFont, &quot;avenir next&quot;, avenir, &quot;segoe ui&quot;, &quot;helvetica neue&quot;, helvetica, Cantarell, Ubuntu, roboto, noto, arial, sans-serif; font-size: 14px;\">I 2021 var hun \u00e5rets pointer vinter h\u00f8yfjell, nr. 2 \u00e5rets hund og nr. 3 pointercupen skog. HD fri A, og viltfinnerevne p\u00e5 120 i VK.<\/span><br style=\"color: rgb(51, 51, 51); font-family: -apple-system, BlinkMacSystemFont, &quot;avenir next&quot;, avenir, &quot;segoe ui&quot;, &quot;helvetica neue&quot;, helvetica, Cantarell, Ubuntu, roboto, noto, arial, sans-serif; font-size: 14px;\"><br style=\"color: rgb(51, 51, 51); font-family: -apple-system, BlinkMacSystemFont, &quot;avenir next&quot;, avenir, &quot;segoe ui&quot;, &quot;helvetica neue&quot;, helvetica, Cantarell, Ubuntu, roboto, noto, arial, sans-serif; font-size: 14px;\"><span style=\"color: rgb(51, 51, 51); font-family: -apple-system, BlinkMacSystemFont, &quot;avenir next&quot;, avenir, &quot;segoe ui&quot;, &quot;helvetica neue&quot;, helvetica, Cantarell, Ubuntu, roboto, noto, arial, sans-serif; font-size: 14px;\">I 2022 fikk jeg Agnes Defins oppdretter pris.<\/span><br style=\"color: rgb(51, 51, 51); font-family: -apple-system, BlinkMacSystemFont, &quot;avenir next&quot;, avenir, &quot;segoe ui&quot;, &quot;helvetica neue&quot;, helvetica, Cantarell, Ubuntu, roboto, noto, arial, sans-serif; font-size: 14px;\"><br style=\"color: rgb(51, 51, 51); font-family: -apple-system, BlinkMacSystemFont, &quot;avenir next&quot;, avenir, &quot;segoe ui&quot;, &quot;helvetica neue&quot;, helvetica, Cantarell, Ubuntu, roboto, noto, arial, sans-serif; font-size: 14px;\"><span style=\"color: rgb(51, 51, 51); font-family: -apple-system, BlinkMacSystemFont, &quot;avenir next&quot;, avenir, &quot;segoe ui&quot;, &quot;helvetica neue&quot;, helvetica, Cantarell, Ubuntu, roboto, noto, arial, sans-serif; font-size: 14px;\">Stillt en gang p\u00e5 utstilling og fikk certifikat og beste tispe. Yaffa har et glimrende gemytt , har utmerket labber og pels, er stille i hus,hundeg\u00e5rd og i bil.<\/span><br style=\"color: rgb(51, 51, 51); font-family: -apple-system, BlinkMacSystemFont, &quot;avenir next&quot;, avenir, &quot;segoe ui&quot;, &quot;helvetica neue&quot;, helvetica, Cantarell, Ubuntu, roboto, noto, arial, sans-serif; font-size: 14px;\"><br style=\"color: rgb(51, 51, 51); font-family: -apple-system, BlinkMacSystemFont, &quot;avenir next&quot;, avenir, &quot;segoe ui&quot;, &quot;helvetica neue&quot;, helvetica, Cantarell, Ubuntu, roboto, noto, arial, sans-serif; font-size: 14px;\"><span style=\"color: rgb(51, 51, 51); font-family: -apple-system, BlinkMacSystemFont, &quot;avenir next&quot;, avenir, &quot;segoe ui&quot;, &quot;helvetica neue&quot;, helvetica, Cantarell, Ubuntu, roboto, noto, arial, sans-serif; font-size: 14px;\">Per S. av Villmannsbu regnr NO50734\/22 (Nuch Myrteigens Snuppa\/Heimgaards Sammy D)<\/span><br style=\"color: rgb(51, 51, 51); font-family: -apple-system, BlinkMacSystemFont, &quot;avenir next&quot;, avenir, &quot;segoe ui&quot;, &quot;helvetica neue&quot;, helvetica, Cantarell, Ubuntu, roboto, noto, arial, sans-serif; font-size: 14px;\"><span style=\"color: rgb(51, 51, 51); font-family: -apple-system, BlinkMacSystemFont, &quot;avenir next&quot;, avenir, &quot;segoe ui&quot;, &quot;helvetica neue&quot;, helvetica, Cantarell, Ubuntu, roboto, noto, arial, sans-serif; font-size: 14px;\">Jaktpr\u00f8vepremier: 11x1.UK, 2x2.UK, 1.AK, 2.VK NM kval, NM-finalist lavland 24, 2.VK finale. Utstilling: res.Cert og Cert<\/span><br style=\"color: rgb(51, 51, 51); font-family: -apple-system, BlinkMacSystemFont, &quot;avenir next&quot;, avenir, &quot;segoe ui&quot;, &quot;helvetica neue&quot;, helvetica, Cantarell, Ubuntu, roboto, noto, arial, sans-serif; font-size: 14px;\"><span style=\"color: rgb(51, 51, 51); font-family: -apple-system, BlinkMacSystemFont, &quot;avenir next&quot;, avenir, &quot;segoe ui&quot;, &quot;helvetica neue&quot;, helvetica, Cantarell, Ubuntu, roboto, noto, arial, sans-serif; font-size: 14px;\">Per S er k\u00e5ret til f\u00f8lgende:<\/span><br style=\"color: rgb(51, 51, 51); font-family: -apple-system, BlinkMacSystemFont, &quot;avenir next&quot;, avenir, &quot;segoe ui&quot;, &quot;helvetica neue&quot;, helvetica, Cantarell, Ubuntu, roboto, noto, arial, sans-serif; font-size: 14px;\"><span style=\"color: rgb(51, 51, 51); font-family: -apple-system, BlinkMacSystemFont, &quot;avenir next&quot;, avenir, &quot;segoe ui&quot;, &quot;helvetica neue&quot;, helvetica, Cantarell, Ubuntu, roboto, noto, arial, sans-serif; font-size: 14px;\">\u00c5rets unghund i NPK 2024, \u00c5ret Lavlandshund NPK 2024, nr 2 i k\u00e5ringen av \u00c5rets Hund i NPK 2024, \u00c5rets UK hund ITFK 2023, \u00c5rets UK hund NFHK 2024.<\/span><br style=\"color: rgb(51, 51, 51); font-family: -apple-system, BlinkMacSystemFont, &quot;avenir next&quot;, avenir, &quot;segoe ui&quot;, &quot;helvetica neue&quot;, helvetica, Cantarell, Ubuntu, roboto, noto, arial, sans-serif; font-size: 14px;\"><br style=\"color: rgb(51, 51, 51); font-family: -apple-system, BlinkMacSystemFont, &quot;avenir next&quot;, avenir, &quot;segoe ui&quot;, &quot;helvetica neue&quot;, helvetica, Cantarell, Ubuntu, roboto, noto, arial, sans-serif; font-size: 14px;\"><span style=\"color: rgb(51, 51, 51); font-family: -apple-system, BlinkMacSystemFont, &quot;avenir next&quot;, avenir, &quot;segoe ui&quot;, &quot;helvetica neue&quot;, helvetica, Cantarell, Ubuntu, roboto, noto, arial, sans-serif; font-size: 14px;\">Er du interessert kan du ta kontakt med B\u00f8rge Simonsenp\u00e5 tlf: 98841053 eller mail:&nbsp;<\/span><a href=\"mailto:simonborge@yahoo.no\" target=\"_blank\" style=\"color: rgb(226, 119, 48); font-family: -apple-system, BlinkMacSystemFont, &quot;avenir next&quot;, avenir, &quot;segoe ui&quot;, &quot;helvetica neue&quot;, helvetica, Cantarell, Ubuntu, roboto, noto, arial, sans-serif; font-size: 14px; padding: 0px; margin: 0px; line-height: 22px; word-break: break-word;\">simonborge@yahoo.no<\/a>","estDate":"2025-06-26","confirmed":false,"arch":false,"category":"0","samarb":"0","vplcolor":"99CCFF","vpltooltip":"Godkjent iht avlskriterier","rase":"348","premie":"21","jakt":"1","PremieM":"4","jaktM":"1","FatherName":"Per S. av Villmannsbu","RAID":"348","althdFather":"114","MotherName":"Oterbekken's Yaffa","althdMother":"112","jaktindF":"114","standindF":"118","althdF":"119","HUID":"NO52639\/18","dwid":"4ca7408f-97ce-47da-aac2-df2b2714f81a","avlsh":"1","eliteh":"1","comments":"Godkjent iht avlskriterier","regby":"Stevol1","jaktind":"116","standind":"122","AltHD":"117","lastUpdated":"2025-05-29 04:38:35","died":null,"eh":"470","jaktindM":"116","standindM":"122","althdM":"117","adrM":null,"adrF":null,"stdjktind":470,"FatherPrem":"<img id=\"utsimg\" qtip=\"Utstillingspremie\" src=\"\/images\/shops\/ribbon_red.gif\"> <img qtip=\"Jaktpremie\" id=\"jktimg\" src=\"\/images\/shops\/ribbon_darkblue.gif\">","MotherPrem":"<img id=\"utsimg\" qtip=\"Utstillingspremie\" src=\"\/images\/shops\/ribbon_red.gif\"> <img qtip=\"Jaktpremie\" id=\"jktimg\" src=\"\/images\/shops\/ribbon_darkblue.gif\">","fikstmt":"<a class=\"stmtavle\" href=\"\/admin\/product\/getstmtvl?father=NO50734\/22&mother=NO52639\/18\">Stmtvl<\/a>","fatherOwner":null,"motherOwner":null,"motherHD":117,"fatherHD":119,"edit":"<img src=\"\/images\/shops\/edit_txt16x16.gif\" border=0>","site":"pointer_datahound_no"},{"KUID":"2332","kennel":"Kennel S\u00f8lenriket","EierNavn":"Mali Nordvang Rundfloen","adresse":"Fossbakken 20","zip":"2500","place":"Tynset","phone":"95750071","web":"https:\/\/www.facebook.com\/hundogfriluftsgleder","father":"NO34007\/19","mother":"NO35821\/22","email":"mali.noru@gmail.com","note":"B\u00e5de My og Kev er overskuddshunder med stor intensitet, tr\u00f8kk, fart og format! Gode viltfinnere og st\u00f8dige fuglebehandlere. Friske i reisen. Begge revierer meget godt, og tilpasser seg terreng og biotop, jakter vel s\u00e5 godt i skogen som p\u00e5 fjellet. B\u00e5nn gass i trekkselen. Generelt lettdresserte og enkle individer \u00e5 ha med \u00e5 gj\u00f8re. Ingen un\u00f8dig lyd eller tjas og mas! Trivelige familiehunder med godt gemytt, som g\u00e5r uproblematisk sammen med b\u00e5de sm\u00e5 og store, to og firbeinte.&nbsp;<br><br>Nybegynner med ambisjoner, erfaren ringrev, eller et sted midt i mellom: alle er velkommen til \u00e5 ta kontakt! Ivrig ungdom mellom 18 og 23 \u00e5r, vil f\u00e5 ekstra god rekrutteringspris p\u00e5 valpen! Det kan ogs\u00e5 bli mulighet for \u00e5 v\u00e6re forvert, med gode vilk\u00e5r.<br><br>Ta gjerne kontakt p\u00e5 sms til 95750071 i f\u00f8rste omgang, eller hannhundeier Jeanette Bugge p\u00e5 tlf 46769753, for mer informasjon.<br><br>Mer utfyllende informasjon, samt masse bilder av b\u00e5de My og Kev, ligger ogs\u00e5 ute p\u00e5 Finn.no.","estDate":"2025-05-14","confirmed":false,"arch":false,"category":"0","samarb":"0","vplcolor":"FFFFFF","vpltooltip":"","rase":"348","premie":"18","jakt":"1","PremieM":null,"jaktM":"0","FatherName":"Langlandsmoens Kevlar","RAID":"348","althdFather":"108","MotherName":"S\u00f8lenriket's E- My","althdMother":"110","jaktindF":"114","standindF":"104","althdF":"112","HUID":"NO35821\/22","dwid":"a3b205f8-0f26-4e2e-a2b0-952ef7a25faf","avlsh":null,"eliteh":null,"comments":"","regby":null,"jaktind":"115","standind":"109","AltHD":"116","lastUpdated":"2025-05-29 04:44:54","died":null,"eh":"442","jaktindM":"115","standindM":"109","althdM":"116","adrM":null,"adrF":null,"stdjktind":442,"FatherPrem":"<img id=\"utsimg\" qtip=\"Utstillingspremie\" src=\"\/images\/shops\/ribbon_red.gif\"> <img qtip=\"Jaktpremie\" id=\"jktimg\" src=\"\/images\/shops\/ribbon_darkblue.gif\">","MotherPrem":"","fikstmt":"<a class=\"stmtavle\" href=\"\/admin\/product\/getstmtvl?father=NO34007\/19&mother=NO35821\/22\">Stmtvl<\/a>","fatherOwner":null,"motherOwner":null,"motherHD":116,"fatherHD":112,"edit":"<img src=\"\/images\/shops\/edit_txt16x16.gif\" border=0>","site":"pointer_datahound_no"},{"KUID":"2331","kennel":"Brennmoen`s","EierNavn":"Terje Bj\u00f8rhusdal","adresse":"Ner-svenningdalsvegen 101","zip":"8682","place":"Trofors","phone":"94827066","web":"","father":"NO39617\/10","mother":"NO35823\/22","email":"post@utpaaneset.no","note":"Far: Full-certet p\u00e5 utstilling Norge og Sverige. Beste resultat jaktpr\u00f8ve er 2 UK og 2 AK. D\u00f8d 2021 pga alderdom<br>Mor: Beste resultat utstilling er ExcAK CK 1BTK BIM. Ikke stilt p\u00e5 jaktpr\u00f8ve. Omplassert til n\u00e5v\u00e6rende eier ved ca. 1 \u00e5r.<br>Vi har disposisjonsrett over tispen til denne parringen\/kull. Parring skjedde ved inseminasjon med frossen s\u00e6d.","estDate":"2025-04-22","confirmed":false,"arch":false,"category":"0","samarb":"0","vplcolor":"FFFFFF","vpltooltip":"","rase":"348","premie":"23","jakt":"1","PremieM":"6","jaktM":"0","FatherName":"Brennmoen's Mattis","RAID":"348","althdFather":"99","MotherName":"S\u00f8lenriket's E- Bella","althdMother":"103","jaktindF":"102","standindF":"96","althdF":"103","HUID":"NO35823\/22","dwid":"5c7d0c63-3ac0-4d77-87d3-8daa27124646","avlsh":null,"eliteh":null,"comments":"","regby":null,"jaktind":"113","standind":"110","AltHD":"106","lastUpdated":"2025-05-29 04:44:54","died":null,"eh":"421","jaktindM":"113","standindM":"110","althdM":"106","adrM":null,"adrF":null,"stdjktind":421,"FatherPrem":"<img id=\"utsimg\" qtip=\"Utstillingspremie\" src=\"\/images\/shops\/ribbon_red.gif\"> <img qtip=\"Jaktpremie\" id=\"jktimg\" src=\"\/images\/shops\/ribbon_darkblue.gif\">","MotherPrem":"<img id=\"utsimg\" qtip=\"Utstillingspremie\" src=\"\/images\/shops\/ribbon_red.gif\">","fikstmt":"<a class=\"stmtavle\" href=\"\/admin\/product\/getstmtvl?father=NO39617\/10&mother=NO35823\/22\">Stmtvl<\/a>","fatherOwner":null,"motherOwner":null,"motherHD":106,"fatherHD":103,"edit":"<img src=\"\/images\/shops\/edit_txt16x16.gif\" border=0>","site":"pointer_datahound_no"},{"KUID":"2336","kennel":"Bratberglia`s","EierNavn":"Kristoffer Bratberg \/ Carita Leirivaara","adresse":"Petterjordet 13","zip":"2608","place":"Lillehammer","phone":"+4792279149","web":"","father":"SE19873\/2020","mother":"NO51960\/21","email":"leirivaara@gmail.com","note":"<span style=\"font-size:10.5pt;font-family:&quot;Segoe UI&quot;,sans-serif;\nmso-fareast-font-family:&quot;Times New Roman&quot;;color:#333333;mso-ansi-language:NO-BOK;\nmso-fareast-language:NO-BOK;mso-bidi-language:AR-SA\">2 ledige tisper og 1\nhannhund<\/span>","estDate":"2025-04-13","confirmed":false,"arch":false,"category":"0","samarb":"0","vplcolor":"FFFFFF","vpltooltip":"","rase":"348","premie":"4","jakt":"1","PremieM":"4","jaktM":"0","FatherName":"East Meadows Bugatti","RAID":"348","althdFather":"103","MotherName":"BratbergLia's Black Panther","althdMother":"109","jaktindF":"96","standindF":"88","althdF":"106","HUID":"NO51960\/21","dwid":"f7794632-800f-4d57-9939-7631265851e0","avlsh":null,"eliteh":null,"comments":"","regby":null,"jaktind":"106","standind":"103","AltHD":"113","lastUpdated":"2025-05-29 04:42:24","died":null,"eh":"393","jaktindM":"106","standindM":"103","althdM":"113","adrM":null,"adrF":null,"stdjktind":393,"FatherPrem":"<img id=\"utsimg\" qtip=\"Utstillingspremie\" src=\"\/images\/shops\/ribbon_red.gif\"> <img qtip=\"Jaktpremie\" id=\"jktimg\" src=\"\/images\/shops\/ribbon_darkblue.gif\">","MotherPrem":"<img id=\"utsimg\" qtip=\"Utstillingspremie\" src=\"\/images\/shops\/ribbon_red.gif\">","fikstmt":"<a class=\"stmtavle\" href=\"\/admin\/product\/getstmtvl?father=SE19873\/2020&mother=NO51960\/21\">Stmtvl<\/a>","fatherOwner":null,"motherOwner":null,"motherHD":113,"fatherHD":106,"edit":"<img src=\"\/images\/shops\/edit_txt16x16.gif\" border=0>","site":"pointer_datahound_no"},{"KUID":"2327","kennel":"Knetta","EierNavn":"Kjell og Ole Martin Enberget","adresse":"Gruveveien 14","zip":"3614","place":"Kongsberg","phone":"+4793029747","web":"","father":"SE14183\/2016","mother":"NO48989\/18","email":"ole-m93@hotmail.com","note":"","estDate":"2025-04-17","confirmed":false,"arch":false,"category":"0","samarb":"0","vplcolor":"FFFFFF","vpltooltip":"","rase":"348","premie":null,"jakt":"0","PremieM":null,"jaktM":"1","FatherName":"Carnbrings Tom Collins","RAID":"348","althdFather":"94","MotherName":"Frierfjorden's Rudy Yamba","althdMother":"105","jaktindF":"81","standindF":"86","althdF":"94","HUID":"NO48989\/18","dwid":"6fa42735-78ef-435f-b0a7-cecdd4778e7e","avlsh":null,"eliteh":null,"comments":"","regby":null,"jaktind":"108","standind":"101","AltHD":"104","lastUpdated":"2025-06-03 03:30:07","died":null,"eh":"376","jaktindM":"108","standindM":"101","althdM":"104","adrM":null,"adrF":null,"stdjktind":376,"FatherPrem":"","MotherPrem":"<img id=\"jktimg\" qtip=\"Jaktpremie\" src=\"\/images\/shops\/ribbon_darkblue.gif\">","fikstmt":"<a class=\"stmtavle\" href=\"\/admin\/product\/getstmtvl?father=SE14183\/2016&mother=NO48989\/18\">Stmtvl<\/a>","fatherOwner":null,"motherOwner":null,"motherHD":104,"fatherHD":94,"edit":"<img src=\"\/images\/shops\/edit_txt16x16.gif\" border=0>","site":"pointer_datahound_no"},{"KUID":"2335","kennel":"","EierNavn":"Caroline Svensson Wallin","adresse":"Pizarros V\u00e4g 110","zip":"83792","place":"M\u00f6rsil (Sverige)","phone":"+46727432575","web":"","father":"NO33973\/19","mother":"SE29250\/2021","email":"caroline.wallin.1@gmail.com","note":"<span style=\"font-size:10.5pt;font-family:&quot;Segoe UI&quot;,sans-serif;\nmso-fareast-font-family:&quot;Times New Roman&quot;;color:#333333;mso-ansi-language:NO-BOK;\nmso-fareast-language:NO-BOK;mso-bidi-language:AR-SA\">Spennende parring mellom\nto kraftfulle, sterke hunder med stor jaktlyst. Trivelig temperament og\nomgjengelige hunder. Begge hundene har mange jaktdager hvert \u00e5r, h\u00f8st som\nvinter. De brukes ogs\u00e5 til jaktguiding p\u00e5 fjell og skog. Veldig bra kvalitet p\u00e5\npels, poter og kl\u00f8r. Dyktige trekkhunder og apport\u00f8rer.<br>\nTwinkel How About a Smile, SE UCH, svensk elitehund. Hun ble \u00e5rets\nskogsfuglehund og \u00e5rets AK hund 2024 i NNFK, Sverige. Sterk, vakker tispe som\nholder hele dagen p\u00e5 jakt og pr\u00f8ver. Jaktsmart, lettf\u00f8rt og var tidlig\njaktmoden. Hun fikk f\u00f8rste jaktpremien f\u00f8r fylte 1 \u00e5r med to fuglearbeider. Hun\ner meget god viltfinner, g\u00e5r forutsigbart og godt p\u00e5 skog og fjell, sekunderer.<br>\nJaktpr\u00f8ve: 2x2UK, 2x3UK og 1AK p\u00e5 f\u00e5 starter.<br>\nUtstilling: p\u00e5 16 Utstilling Gerd 15 Exc, 11 CK, 3 CERT, 7 BIR, 1 BIM, CACIB,\n4xBIS 1<br>\nHun er etter gamle linjer i New Zealand og Storbritannia. <br>\nOrrem\u00e5sans Tibazt SE UCH, norsk elitehund. Han er en stor hanne som holder hele\ndagen p\u00e5 jakt og pr\u00f8ver. Han tilpasser s\u00f8ket til terrenget og jakter forutsigbart.\nHan er jaktsmart og en meget god viltfinner. Sekunderer. Det er felt mye fugl\nfor han, ryper, tiur og orrfugl.<br>\nJaktpr\u00f8ve: 2x2UK, 1x3AK, 2x2AK, 1AK, 1VK h\u00f8yfjell med cert og vp. Har v\u00e6rt i SM\nfinale.<br>\nUtstilling: Exc med CERTx3<br>\nTibazt har blitt tildelt Karats Vandrepris og Andreas minne i klubben NNFK\n2022.<br>\nInteresserte ta kontakt p\u00e5 telefon eller e-post; Caroline +46 727432575,\nSp\u00f8rsm\u00e5l om hannhunden; Ann-Karin Lindberg +47 90530848<\/span>","estDate":"2025-06-24","confirmed":false,"arch":false,"category":"0","samarb":"0","vplcolor":"FFFFFF","vpltooltip":"","rase":"348","premie":"5","jakt":"0","PremieM":"6","jaktM":"0","FatherName":"Orrem\u00e5sans Tibazt","RAID":"348","althdFather":"93","MotherName":"Twinkle How About A Smile","althdMother":null,"jaktindF":"102","standindF":"91","althdF":"90","HUID":"SE29250\/2021","dwid":"504b2976-389a-4695-8691-144008d73c8f","avlsh":null,"eliteh":null,"comments":"","regby":null,"jaktind":"83","standind":"84","AltHD":"87","lastUpdated":"2025-05-29 03:36:53","died":null,"eh":"360","jaktindM":"83","standindM":"84","althdM":"87","adrM":null,"adrF":null,"stdjktind":360,"FatherPrem":"<img id=\"utsimg\" qtip=\"Utstillingspremie\" src=\"\/images\/shops\/ribbon_red.gif\">","MotherPrem":"<img id=\"utsimg\" qtip=\"Utstillingspremie\" src=\"\/images\/shops\/ribbon_red.gif\">","fikstmt":"<a class=\"stmtavle\" href=\"\/admin\/product\/getstmtvl?father=NO33973\/19&mother=SE29250\/2021\">Stmtvl<\/a>","fatherOwner":null,"motherOwner":null,"motherHD":87,"fatherHD":90,"edit":"<img src=\"\/images\/shops\/edit_txt16x16.gif\" border=0>","site":"pointer_datahound_no"},{"KUID":"2328","kennel":"Sjaunamyren`s","EierNavn":"Jonatan \u00d8hman","adresse":"Porjusvagen 190","zip":"98239","place":"Gallivarre","phone":"+46708103992","web":"","father":"SE35095\/2018","mother":"J Sjanjamyren`s LZ Kawa","email":"sjaunamyrenskennel@gmail.com","note":"Kawa er en kraftfull tik med en enorm jaktlust och flott action.&nbsp; Hon har lett att koppla av hemma och i ny milj\u00f8. Hon har prseterat hittils p\u00e5 jaktprov\/utstallning: 2 x 1UKL, 3 \u00d8KL, 1\u00d8KL. Excellent p\u00e5 utstilling. Elithund i Sverige og Norge. Fjellpokal finaslist 2020, SM-finalist v\u00e5ren 2024. HD A.<br>Vet Point Mink er en \u00f8ppen och sosial hund. Han har lett f\u00f8r att koppla av b\u00e5de hemma och i ny milj\u00f8. Som jakthund utvecklades han tidligt, b\u00e5da s\u00f8ksmessig och i f\u00e5gel. S\u00f8ket er kraftfullt&nbsp; och naturligt revierenda. Han h\u00e5ller god kontakt i skog och p\u00e5 fjell.&nbsp; Mink har jaktprovsmerriterade avkommor som bland annat placerade sig i topp som besta unghund, nr. 1, nr.2 och nr. 4 i Finska Pointerklubben 2024. Hans avkom Riekkokirhveen SM Roo blev av 80 unghundar, nummer 2 i Finska Guldpokalen 2024.<br>Mink har presterat hittils p\u00e5 jaktprov\/utsallning: 2 x 1UKL, varav ett med HP. 2 UKL, 2 \u00d8KL Viltpris, 1 \u00d8KL, 1SKL, 2 SKL CK. Svensk Norsksk og Finsk Utstallningschampion. Elitehund i Sverige og Norge. HD A.<br>For mer information om Mink, ring agare Lena Partapuoli- Nordin +4670-2104220. Interesserad av valp h\u00f8r av dig via mail eller telefon: Jonathan +4670-8103992. Anna +4673-831130.","estDate":"2025-04-04","confirmed":false,"arch":false,"category":"0","samarb":"0","vplcolor":"FFFFFF","vpltooltip":"","rase":"348","premie":"5","jakt":"1","PremieM":null,"jaktM":"0","FatherName":"Vet Point's Mink","RAID":"348","althdFather":null,"MotherName":null,"althdMother":null,"jaktindF":"97","standindF":"102","althdF":"98","HUID":null,"dwid":null,"avlsh":null,"eliteh":null,"comments":"","regby":null,"jaktind":null,"standind":null,"AltHD":null,"lastUpdated":null,"died":null,"eh":null,"jaktindM":null,"standindM":null,"althdM":null,"adrM":null,"adrF":null,"stdjktind":"","FatherPrem":"<img id=\"utsimg\" qtip=\"Utstillingspremie\" src=\"\/images\/shops\/ribbon_red.gif\"> <img qtip=\"Jaktpremie\" id=\"jktimg\" src=\"\/images\/shops\/ribbon_darkblue.gif\">","MotherPrem":"","fikstmt":"<a class=\"stmtavle\" href=\"\/admin\/product\/getstmtvl?father=SE35095\/2018&mother=J Sjanjamyren`s LZ Kawa\">Stmtvl<\/a>","fatherOwner":null,"motherOwner":null,"motherHD":0,"fatherHD":98,"edit":"<img src=\"\/images\/shops\/edit_txt16x16.gif\" border=0>","site":"pointer_datahound_no"}]}