{
    "metadata": {
        "ekstraksjonstidspunkt": "2025-08-05T09:28:12+00:00",
        "kilde": "NPK API kombinert (valpeliste + individuelle oppslag)",
        "antall_kull": 5,
        "api_versjon": "1.0",
        "extractor_versjon": "1.0"
    },
    "kull": [
        {
            "kull_info": {
                "kull_id": "2332",
                "kull_indeks": "a3b205f8-0f26-4e2e-a2b0-952ef7a25faf",
                "forventet_fodselsdato": "2025-05-14",
                "godkjent": false,
                "arkivert": false,
                "godkjent_avlskriterier": false
            },
            "mor": {
                "navn": "Sølenriket's E- My",
                "registreringsnummer": "NO35821\/22",
                "elitehund": false,
                "avlshund": false,
                "hdi": {
                    "jaktindeks": 115,
                    "standindeks": 109,
                    "alt_hd": 116
                },
                "hd_status": "B",
                "premier": []
            },
            "far": {
                "navn": "Langlandsmoens Kevlar",
                "registreringsnummer": "NO34007\/19",
                "elitehund": false,
                "avlshund": false,
                "hdi": {
                    "jaktindeks": 114,
                    "standindeks": 104,
                    "alt_hd": 112
                },
                "hd_status": "B",
                "premier": [
                    "Utstillingspremie",
                    "Jaktpremie"
                ]
            },
            "oppdretter": {
                "navn": "Mali Nordvang Rundfloen",
                "kennel": "Kennel Sølenriket",
                "adresse": "Fossbakken 20 2500 Tynset",
                "telefon": "95750071",
                "epost": "mali.noru@gmail.com",
                "web": "https:\/\/www.facebook.com\/hundogfriluftsgleder"
            },
            "annonse_tekst": "Både My og Kev er overskuddshunder med stor intensitet, trøkk, fart og format! Gode viltfinnere og stødige fuglebehandlere. Friske i reisen. Begge revierer meget godt, og tilpasser seg terreng og biotop, jakter vel så godt i skogen som på fjellet. Bånn gass i trekkselen. Generelt lettdresserte og enkle individer å ha med å gjøre. Ingen unødig lyd eller tjas og mas! Trivelige familiehunder med godt gemytt, som går uproblematisk sammen med både små og store, to og firbeinte. \nNybegynner med ambisjoner, erfaren ringrev, eller et sted midt i mellom: alle er velkommen til å ta kontakt! Ivrig ungdom mellom 18 og 23 år, vil få ekstra god rekrutteringspris på valpen! Det kan også bli mulighet for å være forvert, med gode vilkår.\nTa gjerne kontakt på sms til 95750071 i første omgang, eller hannhundeier Jeanette Bugge på tlf 46769753, for mer informasjon.\nMer utfyllende informasjon, samt masse bilder av både My og Kev, ligger også ute på Finn.no."
        },
        {
            "kull_info": {
                "kull_id": "2340",
                "kull_indeks": "9f518729-6d0a-41cd-ba00-38efad90e4cb",
                "forventet_fodselsdato": "2025-09-25",
                "godkjent": false,
                "arkivert": false,
                "godkjent_avlskriterier": true
            },
            "mor": {
                "navn": "Myrteigen's Snuppa",
                "registreringsnummer": "NO43818\/19",
                "elitehund": true,
                "avlshund": false,
                "hdi": {
                    "jaktindeks": 106,
                    "standindeks": 111,
                    "alt_hd": 115
                },
                "hd_status": "B",
                "premier": [
                    "Utstillingspremie",
                    "Jaktpremie"
                ]
            },
            "far": {
                "navn": "Rypeparadiset's Cacciatore",
                "registreringsnummer": "NO58331\/21",
                "elitehund": false,
                "avlshund": false,
                "hdi": {
                    "jaktindeks": 114,
                    "standindeks": 94,
                    "alt_hd": 89
                },
                "hd_status": "A",
                "premier": [
                    "Utstillingspremie",
                    "Jaktpremie"
                ]
            },
            "oppdretter": {
                "navn": "Geir Kulstadvik",
                "kennel": "Kennel Villmannsbu",
                "adresse": "Tveråsvegen 161 7790 Malm",
                "telefon": "90215792",
                "epost": "geir.kulstadvik@gk.no",
                "web": ""
            },
            "annonse_tekst": "Parring er gjennomført i uke 30 mellom NUCH Myrteigens Snuppa (NJCH NMFHh-15 Eidemlias DallasT og Myrteigens Isthar) og NUCH Rypeparadiset’s Cacciatore ( Field Champion Grande Quete Caronte del Cangia og NUCH Høytjønna’s Berthe)Vi forventer avkom med meget stor jaktlyst , meget høy viltfinnerevne og rasetypiske pointere med særdeles god pels, poter og prima gemytt.Cacciatore og Snuppa er begge godkjente Elitehunder i Norsk Pointerklubb. linjeavlsgrad 2% (Ella F\/Black Luckys Rapp)Nuch Myrteigens Snuppa er ei vakker tispe over middels stor, med et fantastisk godt gemytt, er stille i bånd\/bil\/hundegård og har 1.AK høyfjellhøst, 1.AK høyfjell Vinter , 1.AK lavland og 2.AK skog(fur)1UK vinter altså en komplett jakt\/prøvehund. HD-A med en indeks på 115, årets AK hund ITFK`23.Fra forrige kull med Snuppa ( kullet tok totalt 20 uk premier høst\/vinter\/lavland) fikk vi blant annet vår egen supergutt NO UCH Per S. av Villmannsbu som med sine 10x1UK , 1pr ND kval og 2x2UK ble kåret til Årets unghund i Norsk Pointerklubb`24. Han tok også 1AK, 2VK, 2VK NM kval \/NM finalist`24 , ble kåret til Årets Lavlandshund`24 i NPK og ble nr 2 i kåringen av Årets Pointer`24 alt dette før han ble 2,5 år gammel.Per S. representerte Norge i Nordisk pointermatch i `25 og er også tatt ut til årets VM i Polen ,oktober 2025.Alle valper fra Snuppa har HD-A og alle jaktpremierte har oppnådd minimum Cert på utstilling.Nuch Rypeparadisets Cacciatore er en meget rasetypisk vakker hund, et hærlig gemytt, med et snitt på 5,24 i jaktlyst 3x1UK, 1AK høyfjell og 3 VK nå i vinter ,HD-B. Han har kun 2 kull fra tidligere der 50% allerede er jaktpremierte.Kullsøsken til Cacciatore har deltatt i nordisk pointermatch, Vunnet Sør Norsk Unghund Mesterskap og vinner av Guldpokalen i Sverige, og vært i flere NM finaler. Kombinsjonen Caronte del Cangia-NUCH Høytjønna's Berthe og oppdretter Ulf Jørgensen ble tildelt Anders Wassbergs oppdretter pris 2023, 6 av 8 stk med 1UK. 3 i kullet er Nuch. Dette kullet har allerede flere VK hunder.Interesserte kan ta kontakt med Kennel Villmannsbu \/Geir Kulstadvik tlf 90215792 eller Kennel Troll-leiken\/Sven Tore Kittelsen tlf 99159941"
        },
        {
            "kull_info": {
                "kull_id": "2339",
                "kull_indeks": "214e2d55-484b-4773-8821-a6e557a747e5",
                "forventet_fodselsdato": "2025-09-05",
                "godkjent": false,
                "arkivert": false,
                "godkjent_avlskriterier": false
            },
            "mor": {
                "navn": "Goppollens Saga",
                "registreringsnummer": "NO36477\/22",
                "elitehund": false,
                "avlshund": false,
                "hdi": {
                    "jaktindeks": 111,
                    "standindeks": 95,
                    "alt_hd": 109
                },
                "hd_status": "B",
                "premier": []
            },
            "far": {
                "navn": "Østagløtten's Albin",
                "registreringsnummer": "NO38101\/17",
                "elitehund": false,
                "avlshund": false,
                "hdi": {
                    "jaktindeks": 108,
                    "standindeks": 104,
                    "alt_hd": 89
                },
                "hd_status": "A",
                "premier": [
                    "Utstillingspremie",
                    "Jaktpremie"
                ]
            },
            "oppdretter": {
                "navn": "Andre Stenumgård",
                "kennel": "Goppollen",
                "adresse": "Borgehauggjeilen 57 2634 Fåvang",
                "telefon": "90683515",
                "epost": "andre@fjossystemer.no",
                "web": ""
            },
            "annonse_tekst": "Det forventes valper med enorm jaktlyst og stor utholdenhet. Dette er en linjeavl på Derna\/Radar søstrene Østagløttens Lely og Østagløttens Songa. Dette var uslitelige jaktmaskiner, med godt gemytt og gode fuglebehandlinger. Goppollens Saga har 1 AK og nr. 4 Svensk Derby på jaktprøve.\nKontakt Andre Stenumgård eller Søren Mulvad Johansen"
        },
        {
            "kull_info": {
                "kull_id": "2341",
                "kull_indeks": "9e3c5122-e09f-4e99-9e3d-30c48a6a0624",
                "forventet_fodselsdato": "2025-09-30",
                "godkjent": false,
                "arkivert": false,
                "godkjent_avlskriterier": true
            },
            "mor": {
                "navn": "Black Luckys Philippa",
                "registreringsnummer": "SE16360\/2019",
                "elitehund": true,
                "avlshund": false,
                "hdi": {
                    "jaktindeks": 99,
                    "standindeks": 90,
                    "alt_hd": 104
                },
                "hd_status": "A",
                "premier": [
                    "Utstillingspremie",
                    "Jaktpremie"
                ]
            },
            "far": {
                "navn": "Huldreveien's Wild Desert Storm",
                "registreringsnummer": "NO46865\/21",
                "elitehund": false,
                "avlshund": false,
                "hdi": {
                    "jaktindeks": 115,
                    "standindeks": 103,
                    "alt_hd": 100
                },
                "hd_status": "A",
                "premier": [
                    "Utstillingspremie",
                    "Jaktpremie"
                ]
            },
            "oppdretter": {
                "navn": "Thomas Engh",
                "kennel": "Huldreveien`s",
                "adresse": "Langehaugvegen 11 3580 Geilo",
                "telefon": "94890223",
                "epost": "thomasengh71@gmail.com",
                "web": ""
            },
            "annonse_tekst": "To sterke individer: sterk fysikk, stor utholdenhet, sterk mentalitet, solid og sterk dokumentert genetikk gjennom generasjoner helt tilbake til grunderen av kennel Black Luckys stamtispe Lucky. Her kan det det ramses opp en rekke giganter i nordsik pointer avl, men ingen nevnt ingen glemt. Gå heller inn og sjekk standtavlen. Det er også spedd på med litt italiensk med Tuono på morssiden og litt amrikansk Phantom's Thunderstorm som er morfar til Storm.Dette vil bli drømme kandidater til Norsk Derby 2027 da valpene forventes født 30.09.2025Dette er et samarbeid mellom Terje Bråthen og Thomas Engh, vi skal selv beholde valper fra denne kombinasjon.Henvendelse ved interesse mail: thomasengh71@gmail.com eller tlf. 004794890223 Thomas eller 004790557641 Terje"
        },
        {
            "kull_info": {
                "kull_id": "2338",
                "kull_indeks": "8c7ac140-a39a-4c3e-a67b-b4649aae5aa6",
                "forventet_fodselsdato": "2025-07-10",
                "godkjent": false,
                "arkivert": false,
                "godkjent_avlskriterier": false
            },
            "mor": {
                "navn": "C - Clean Cocos av Vestre Homble",
                "registreringsnummer": "NO37666\/18",
                "elitehund": true,
                "avlshund": false,
                "hdi": {
                    "jaktindeks": 101,
                    "standindeks": 105,
                    "alt_hd": 114
                },
                "hd_status": "B",
                "premier": [
                    "Utstillingspremie",
                    "Jaktpremie"
                ]
            },
            "far": {
                "navn": "",
                "registreringsnummer": "Milpoint Spader Ess",
                "elitehund": false,
                "avlshund": false,
                "hdi": {
                    "jaktindeks": 0,
                    "standindeks": 0,
                    "alt_hd": 0
                },
                "hd_status": "UKJENT",
                "premier": []
            },
            "oppdretter": {
                "navn": "Camilla Larsen og Svein Stueland",
                "kennel": "Vestre Homble",
                "adresse": "Nordre Sprovei 44 1454 Fagerstrand",
                "telefon": "911 46 490",
                "epost": "cs-as@outlook.com",
                "web": ""
            },
            "annonse_tekst": "Vi har fått 11 fine valper, 8 hannhunder og 3 tisper.Dette er et spennende kull etter foreldre som begge kombinerer sterk jaktmotor med samarbeid og god kontakt. Både tispe og hannhund er lett trente hunder – som presterer i fjellet og fungerer utmerket i hverdagen.Begge foreldre er Elitehunder med 1 premie på jakt og utstilling. Begge har HD grad A (fri). Kullet er etter:• Norsk elitehund Clean Cocos av Vestre Homble– 1 UK, 1 AK og 1 VK høyfjell– 1. premie Excellent på utstilling– Sosial, lett å trene og med imponerende jaktmotor og viltfinnerevne • Svensk elitehund Milpoint Spader Ess– 1 Ökl. på jaktprøve lavland (tilsvarer 1. AK)– 1. premie Excellent på utstilling, cert og BIM– Rolig, målrettet og presis i fugl og utrolig lett å bli glad i Vi forventer valper som er:• Lettdresserte og samarbeidsvillige• Gode søkere med stor jaktlyst• Rolige, kosete og harmoniske i hus• Riktig bygget med god pels, sterke poter og korrekt tannstilling Dette er et kull for deg som ønsker en jakthund i toppklasse – og en firbeint turkamerat med hjertevarme og sjel.Ta gjerne kontakt for mer informasjon, bilder eller en hyggelig hundeprat.Hannhunden - les mer på pointerklubben.se, hanhundlista: Milpoint Spader Ess Tispen - les mer på pointer.no, elitehunder eller søk i hundedatabasen. * Valpene vokser opp i hjemmemiljø med tett oppfølging* Leveringsklare i begynnelsen av september* Ta gjerne kontakt for mer informasjon, bilder eller en hyggelig hundeprat.Camilla Larsen på telefon 911 46 490 og Svein Stueland på telefon 99 23 44 70, og på epost: cs-as@outlook.com"
        }
    ],
    "statistikk": {
        "elite_analyse": {
            "elite_modre": 3
        },
        "godkjenning_analyse": {
            "godkjent": 2
        },
        "logs": [
            "[2025-08-05 09:28:03] NPK Data Extractor initialisert",
            "[2025-08-05 09:28:03] 🔐 Starter autentiseringsprosess...",
            "[2025-08-05 09:28:03] 1. Henter login-side: https:\/\/pointer.datahound.no\/admin",
            "[2025-08-05 09:28:03]    ✅ Login-side hentet (1024 bytes)",
            "[2025-08-05 09:28:03] 2. Sender login til: https:\/\/pointer.datahound.no\/admin\/index\/auth",
            "[2025-08-05 09:28:03]    ✅ Autentisering vellykket (HTTP 302 redirect)",
            "[2025-08-05 09:28:03] 🏗️ Bygger komplett datasett...",
            "[2025-08-05 09:28:03] 📡 Henter valpeliste fra: https:\/\/pointer.datahound.no\/admin\/product\/getvalpeliste",
            "[2025-08-05 09:28:04]    ✅ Hentet 5 kull fra valpeliste API",
            "[2025-08-05 09:28:04] Prosesserer kull 1\/5 (KUID: 2332)",
            "[2025-08-05 09:28:04] 🐕 Henter elite-status for: NO34007\/19",
            "[2025-08-05 09:28:05]    📊 Elite: UKJENT, Avl: UKJENT",
            "[2025-08-05 09:28:05] 🐕 Henter elite-status for: NO35821\/22",
            "[2025-08-05 09:28:05]    📊 Elite: UKJENT, Avl: UKJENT",
            "[2025-08-05 09:28:05] Prosesserer kull 2\/5 (KUID: 2340)",
            "[2025-08-05 09:28:05] 🐕 Henter elite-status for: NO58331\/21",
            "[2025-08-05 09:28:06]    📊 Elite: UKJENT, Avl: UKJENT",
            "[2025-08-05 09:28:06] 🐕 Henter elite-status for: NO43818\/19",
            "[2025-08-05 09:28:07]    📊 Elite: UKJENT, Avl: UKJENT",
            "[2025-08-05 09:28:07] Prosesserer kull 3\/5 (KUID: 2339)",
            "[2025-08-05 09:28:07] 🐕 Henter elite-status for: NO38101\/17",
            "[2025-08-05 09:28:08]    📊 Elite: UKJENT, Avl: UKJENT",
            "[2025-08-05 09:28:08] 🐕 Henter elite-status for: NO36477\/22",
            "[2025-08-05 09:28:09]    📊 Elite: UKJENT, Avl: UKJENT",
            "[2025-08-05 09:28:09] Prosesserer kull 4\/5 (KUID: 2341)",
            "[2025-08-05 09:28:09] 🐕 Henter elite-status for: NO46865\/21",
            "[2025-08-05 09:28:10]    📊 Elite: UKJENT, Avl: UKJENT",
            "[2025-08-05 09:28:10] 🐕 Henter elite-status for: SE16360\/2019",
            "[2025-08-05 09:28:11]    📊 Elite: UKJENT, Avl: UKJENT",
            "[2025-08-05 09:28:11] Prosesserer kull 5\/5 (KUID: 2338)",
            "[2025-08-05 09:28:11] 🐕 Henter elite-status for: Milpoint Spader Ess",
            "[2025-08-05 09:28:12]    ⚠️ API returnerte success=false for Milpoint Spader Ess",
            "[2025-08-05 09:28:12]    📊 Elite: UKJENT, Avl: UKJENT",
            "[2025-08-05 09:28:12] 🐕 Henter elite-status for: NO37666\/18",
            "[2025-08-05 09:28:12]    📊 Elite: UKJENT, Avl: UKJENT"
        ]
    }
}